,Unnamed: 0,Serial Number,Material,Batch,Handling Unit,Date,Material Number,Time,Count.,Plant Responsible for UII,Created By,Created on,MovmtStatus,Handling unit status
0,0, 22183311     ,201301073350,161661N0HD,1000201857   ,06.12.2021,PV MODULES ELDORA VSP.72.335.05-36M    ,11:39:46,      ,                         ,BISWAJIT.H,06.12.2021,0050       ,Posted for GI                     
1,1, 22162797     ,200301073350,161652N0HD,1000201855   ,06.12.2021,PV MODULES ELDORA VSP.72.335.05-36M_18V,09:17:25,      ,                         ,PUSPENDU.M,06.12.2021,0020       ,Stock at a non-HU storage location
2,2, 22162806     ,200301073350,161652N0HD,1000201855   ,06.12.2021,PV MODULES ELDORA VSP.72.335.05-36M_18V,09:17:25,      ,                         ,PUSPENDU.M,06.12.2021,0020       ,Stock at a non-HU storage location
3,3, 22162815     ,200301073350,161652N0HD,1000201855   ,06.12.2021,PV MODULES ELDORA VSP.72.335.05-36M_18V,09:17:25,      ,                         ,PUSPENDU.M,06.12.2021,0020       ,Stock at a non-HU storage location
4,4, 22162819     ,200301073350,161652N0HD,1000201855   ,06.12.2021,PV MODULES ELDORA VSP.72.335.05-36M_18V,09:17:25,      ,                         ,PUSPENDU.M,06.12.2021,0020       ,Stock at a non-HU storage location
5,5, 22162820     ,200301073350,161652N0HD,1000201855   ,06.12.2021,PV MODULES ELDORA VSP.72.335.05-36M_18V,09:17:25,      ,                         ,PUSPENDU.M,06.12.2021,0020       ,Stock at a non-HU storage location
6,6, 22154122     ,200301063450,161650S0LD,1000201854   ,06.12.2021,PV MODULES ELDORA VSP.72.345.05-36M    ,09:17:01,      ,                         ,PUSPENDU.M,06.12.2021,0020       ,Stock at a non-HU storage location
7,7, 22292087     ,200201033500,151456N6HB,1000201853   ,06.12.2021,PV MODULES ELDORA VSPH.72.350.05-36M_D ,03:38:25,      ,                         ,TANMOY.J  ,06.12.2021,0020       ,Stock at a non-HU storage location
8,8, 22290529     ,200201033500,151455N6LB,1000201852   ,06.12.2021,PV MODULES ELDORA VSPH.72.350.05-36M_D ,03:37:59,      ,                         ,TANMOY.J  ,06.12.2021,0020       ,Stock at a non-HU storage location
9,9, 22288784     ,200201033500,151454N6LD,1000201850   ,06.12.2021,PV MODULES ELDORA VSPH.72.350.05-36M_D ,03:37:18,      ,                         ,TANMOY.J  ,06.12.2021,0020       ,Stock at a non-HU storage location
10,10, 22290054     ,200201033500,151455N6HD,1000201814   ,06.12.2021,PV MODULES ELDORA VSPH.72.350.05-36M_D ,05:17:47,      ,                         ,SUPRIYA.M ,06.12.2021,0020       ,Stock at a non-HU storage location
11,11, 22290206     ,200201033500,151455N6HD,1000201814   ,06.12.2021,PV MODULES ELDORA VSPH.72.350.05-36M_D ,05:17:47,      ,                         ,SUPRIYA.M ,06.12.2021,0020       ,Stock at a non-HU storage location
12,12, 22290289     ,200201033500,151455N6HD,1000201814   ,06.12.2021,PV MODULES ELDORA VSPH.72.350.05-36M_D ,05:17:47,      ,                         ,SUPRIYA.M ,06.12.2021,0020       ,Stock at a non-HU storage location
13,13, 22290386     ,200201033500,151455N6HD,1000201814   ,06.12.2021,PV MODULES ELDORA VSPH.72.350.05-36M_D ,05:17:47,      ,                         ,SUPRIYA.M ,06.12.2021,0020       ,Stock at a non-HU storage location
14,14, 22291001     ,200201033500,151455N6HD,1000201814   ,06.12.2021,PV MODULES ELDORA VSPH.72.350.05-36M_D ,05:17:47,      ,                         ,SUPRIYA.M ,06.12.2021,0020       ,Stock at a non-HU storage location
15,15, 22291163     ,200201033500,151455N6HD,1000201814   ,06.12.2021,PV MODULES ELDORA VSPH.72.350.05-36M_D ,05:17:47,      ,                         ,SUPRIYA.M ,06.12.2021,0020       ,Stock at a non-HU storage location
16,16, 22291176     ,200201033500,151455N6HD,1000201814   ,06.12.2021,PV MODULES ELDORA VSPH.72.350.05-36M_D ,05:17:47,      ,                         ,SUPRIYA.M ,06.12.2021,0020       ,Stock at a non-HU storage location
17,17, 22291195     ,200201033500,151455N6HD,1000201814   ,06.12.2021,PV MODULES ELDORA VSPH.72.350.05-36M_D ,05:17:47,      ,                         ,SUPRIYA.M ,06.12.2021,0020       ,Stock at a non-HU storage location
18,18, 22291636     ,200201033500,151455N6HD,1000201814   ,06.12.2021,PV MODULES ELDORA VSPH.72.350.05-36M_D ,05:17:47,      ,                         ,SUPRIYA.M ,06.12.2021,0020       ,Stock at a non-HU storage location
19,19, 22291693     ,200201033500,151456N6HD,1000201814   ,06.12.2021,PV MODULES ELDORA VSPH.72.350.05-36M_D ,05:17:47,      ,                         ,SUPRIYA.M ,06.12.2021,0020       ,Stock at a non-HU storage location
20,20, 22291775     ,200201033500,151456N6HD,1000201814   ,06.12.2021,PV MODULES ELDORA VSPH.72.350.05-36M_D ,05:17:47,      ,                         ,SUPRIYA.M ,06.12.2021,0020       ,Stock at a non-HU storage location
21,21, 22291808     ,200201033500,151456N6HD,1000201814   ,06.12.2021,PV MODULES ELDORA VSPH.72.350.05-36M_D ,05:17:47,      ,                         ,SUPRIYA.M ,06.12.2021,0020       ,Stock at a non-HU storage location
22,22, 22291822     ,200201033500,151456N6HD,1000201814   ,06.12.2021,PV MODULES ELDORA VSPH.72.350.05-36M_D ,05:17:47,      ,                         ,SUPRIYA.M ,06.12.2021,0020       ,Stock at a non-HU storage location
23,23, 22291859     ,200201033500,151456N6HD,1000201814   ,06.12.2021,PV MODULES ELDORA VSPH.72.350.05-36M_D ,05:17:47,      ,                         ,SUPRIYA.M ,06.12.2021,0020       ,Stock at a non-HU storage location
24,24, 22291900     ,200201033500,151456N6HD,1000201814   ,06.12.2021,PV MODULES ELDORA VSPH.72.350.05-36M_D ,05:17:47,      ,                         ,SUPRIYA.M ,06.12.2021,0020       ,Stock at a non-HU storage location
25,25, 22291931     ,200201033500,151456N6HD,1000201814   ,06.12.2021,PV MODULES ELDORA VSPH.72.350.05-36M_D ,05:17:47,      ,                         ,SUPRIYA.M ,06.12.2021,0020       ,Stock at a non-HU storage location
26,26, 22291967     ,200201033500,151456N6HD,1000201814   ,06.12.2021,PV MODULES ELDORA VSPH.72.350.05-36M_D ,05:17:47,      ,                         ,SUPRIYA.M ,06.12.2021,0020       ,Stock at a non-HU storage location
27,27, 22291981     ,200201033500,151456N6HD,1000201814   ,06.12.2021,PV MODULES ELDORA VSPH.72.350.05-36M_D ,05:17:47,      ,                         ,SUPRIYA.M ,06.12.2021,0020       ,Stock at a non-HU storage location
28,28, 22291983     ,200201033500,151456N6HD,1000201814   ,06.12.2021,PV MODULES ELDORA VSPH.72.350.05-36M_D ,05:17:47,      ,                         ,SUPRIYA.M ,06.12.2021,0020       ,Stock at a non-HU storage location
29,29, 22292033     ,200201033500,151456N6HD,1000201814   ,06.12.2021,PV MODULES ELDORA VSPH.72.350.05-36M_D ,05:17:47,      ,                         ,SUPRIYA.M ,06.12.2021,0020       ,Stock at a non-HU storage location
30,30, 22292064     ,200201033500,151456N6HD,1000201814   ,06.12.2021,PV MODULES ELDORA VSPH.72.350.05-36M_D ,05:17:47,      ,                         ,SUPRIYA.M ,06.12.2021,0020       ,Stock at a non-HU storage location
31,31, 22292066     ,200201033500,151456N6HD,1000201814   ,06.12.2021,PV MODULES ELDORA VSPH.72.350.05-36M_D ,05:17:47,      ,                         ,SUPRIYA.M ,06.12.2021,0020       ,Stock at a non-HU storage location
32,32, 22292179     ,200201033500,151456N6HD,1000201814   ,06.12.2021,PV MODULES ELDORA VSPH.72.350.05-36M_D ,05:17:47,      ,                         ,SUPRIYA.M ,06.12.2021,0020       ,Stock at a non-HU storage location
33,33, 22292188     ,200201033500,151456N6HD,1000201814   ,06.12.2021,PV MODULES ELDORA VSPH.72.350.05-36M_D ,05:17:47,      ,                         ,SUPRIYA.M ,06.12.2021,0020       ,Stock at a non-HU storage location
34,34, 22292216     ,200201033500,151456N6HD,1000201814   ,06.12.2021,PV MODULES ELDORA VSPH.72.350.05-36M_D ,05:17:47,      ,                         ,SUPRIYA.M ,06.12.2021,0020       ,Stock at a non-HU storage location
35,35, 22292322     ,200201033500,151456N6HD,1000201814   ,06.12.2021,PV MODULES ELDORA VSPH.72.350.05-36M_D ,05:17:47,      ,                         ,SUPRIYA.M ,06.12.2021,0020       ,Stock at a non-HU storage location
36,36, 22292393     ,200201033500,151456N6HD,1000201814   ,06.12.2021,PV MODULES ELDORA VSPH.72.350.05-36M_D ,05:17:47,      ,                         ,SUPRIYA.M ,06.12.2021,0020       ,Stock at a non-HU storage location
37,37, 22292410     ,200201033500,151456N6HD,1000201814   ,06.12.2021,PV MODULES ELDORA VSPH.72.350.05-36M_D ,05:17:47,      ,                         ,SUPRIYA.M ,06.12.2021,0020       ,Stock at a non-HU storage location
38,38, 22292458     ,200201033500,151456N6HD,1000201814   ,06.12.2021,PV MODULES ELDORA VSPH.72.350.05-36M_D ,05:17:47,      ,                         ,SUPRIYA.M ,06.12.2021,0020       ,Stock at a non-HU storage location
39,39, 22292568     ,200201033500,151456N6HD,1000201814   ,06.12.2021,PV MODULES ELDORA VSPH.72.350.05-36M_D ,05:17:47,      ,                         ,SUPRIYA.M ,06.12.2021,0020       ,Stock at a non-HU storage location
40,40, 22290566     ,200201033500,151455N6HD,1000201813   ,06.12.2021,PV MODULES ELDORA VSPH.72.350.05-36M_D ,01:06:28,      ,                         ,SUPRIYA.M ,06.12.2021,0020       ,Stock at a non-HU storage location
41,41, 22290809     ,200201033500,151455N6HD,1000201813   ,06.12.2021,PV MODULES ELDORA VSPH.72.350.05-36M_D ,01:06:28,      ,                         ,SUPRIYA.M ,06.12.2021,0020       ,Stock at a non-HU storage location
42,42, 22290819     ,200201033500,151455N6HD,1000201813   ,06.12.2021,PV MODULES ELDORA VSPH.72.350.05-36M_D ,01:06:28,      ,                         ,SUPRIYA.M ,06.12.2021,0020       ,Stock at a non-HU storage location
43,43, 22290855     ,200201033500,151455N6HD,1000201813   ,06.12.2021,PV MODULES ELDORA VSPH.72.350.05-36M_D ,01:06:28,      ,                         ,SUPRIYA.M ,06.12.2021,0020       ,Stock at a non-HU storage location
44,44, 22290874     ,200201033500,151455N6HD,1000201813   ,06.12.2021,PV MODULES ELDORA VSPH.72.350.05-36M_D ,01:06:28,      ,                         ,SUPRIYA.M ,06.12.2021,0020       ,Stock at a non-HU storage location
45,45, 22291098     ,200201033500,151455N6HD,1000201813   ,06.12.2021,PV MODULES ELDORA VSPH.72.350.05-36M_D ,01:06:28,      ,                         ,SUPRIYA.M ,06.12.2021,0020       ,Stock at a non-HU storage location
46,46, 22291211     ,200201033500,151455N6HD,1000201813   ,06.12.2021,PV MODULES ELDORA VSPH.72.350.05-36M_D ,01:06:28,      ,                         ,SUPRIYA.M ,06.12.2021,0020       ,Stock at a non-HU storage location
47,47, 22291221     ,200201033500,151455N6HD,1000201813   ,06.12.2021,PV MODULES ELDORA VSPH.72.350.05-36M_D ,01:06:28,      ,                         ,SUPRIYA.M ,06.12.2021,0020       ,Stock at a non-HU storage location
48,48, 22291313     ,200201033500,151455N6HD,1000201813   ,06.12.2021,PV MODULES ELDORA VSPH.72.350.05-36M_D ,01:06:28,      ,                         ,SUPRIYA.M ,06.12.2021,0020       ,Stock at a non-HU storage location
49,49, 22291402     ,200201033500,151455N6HD,1000201813   ,06.12.2021,PV MODULES ELDORA VSPH.72.350.05-36M_D ,01:06:28,      ,                         ,SUPRIYA.M ,06.12.2021,0020       ,Stock at a non-HU storage location
50,50, 22291659     ,200201033500,151456N6HD,1000201813   ,06.12.2021,PV MODULES ELDORA VSPH.72.350.05-36M_D ,01:06:28,      ,                         ,SUPRIYA.M ,06.12.2021,0020       ,Stock at a non-HU storage location
51,51, 22291700     ,200201033500,151456N6HD,1000201813   ,06.12.2021,PV MODULES ELDORA VSPH.72.350.05-36M_D ,01:06:28,      ,                         ,SUPRIYA.M ,06.12.2021,0020       ,Stock at a non-HU storage location
52,52, 22291769     ,200201033500,151456N6HD,1000201813   ,06.12.2021,PV MODULES ELDORA VSPH.72.350.05-36M_D ,01:06:28,      ,                         ,SUPRIYA.M ,06.12.2021,0020       ,Stock at a non-HU storage location
53,53, 22291828     ,200201033500,151456N6HD,1000201813   ,06.12.2021,PV MODULES ELDORA VSPH.72.350.05-36M_D ,01:06:28,      ,                         ,SUPRIYA.M ,06.12.2021,0020       ,Stock at a non-HU storage location
54,54, 22291833     ,200201033500,151456N6HD,1000201813   ,06.12.2021,PV MODULES ELDORA VSPH.72.350.05-36M_D ,01:06:28,      ,                         ,SUPRIYA.M ,06.12.2021,0020       ,Stock at a non-HU storage location
55,55, 22291879     ,200201033500,151456N6HD,1000201813   ,06.12.2021,PV MODULES ELDORA VSPH.72.350.05-36M_D ,01:06:28,      ,                         ,SUPRIYA.M ,06.12.2021,0020       ,Stock at a non-HU storage location
56,56, 22291941     ,200201033500,151456N6HD,1000201813   ,06.12.2021,PV MODULES ELDORA VSPH.72.350.05-36M_D ,01:06:28,      ,                         ,SUPRIYA.M ,06.12.2021,0020       ,Stock at a non-HU storage location
57,57, 22291969     ,200201033500,151456N6HD,1000201813   ,06.12.2021,PV MODULES ELDORA VSPH.72.350.05-36M_D ,01:06:28,      ,                         ,SUPRIYA.M ,06.12.2021,0020       ,Stock at a non-HU storage location
58,58, 22292031     ,200201033500,151456N6HD,1000201813   ,06.12.2021,PV MODULES ELDORA VSPH.72.350.05-36M_D ,01:06:28,      ,                         ,SUPRIYA.M ,06.12.2021,0020       ,Stock at a non-HU storage location
59,59, 22292053     ,200201033500,151456N6HD,1000201813   ,06.12.2021,PV MODULES ELDORA VSPH.72.350.05-36M_D ,01:06:28,      ,                         ,SUPRIYA.M ,06.12.2021,0020       ,Stock at a non-HU storage location
60,60, 22292287     ,200201033500,151456N6HD,1000201813   ,06.12.2021,PV MODULES ELDORA VSPH.72.350.05-36M_D ,01:06:28,      ,                         ,SUPRIYA.M ,06.12.2021,0020       ,Stock at a non-HU storage location
61,61, 22292305     ,200201033500,151456N6HD,1000201813   ,06.12.2021,PV MODULES ELDORA VSPH.72.350.05-36M_D ,01:06:28,      ,                         ,SUPRIYA.M ,06.12.2021,0020       ,Stock at a non-HU storage location
62,62, 22292345     ,200201033500,151456N6HD,1000201813   ,06.12.2021,PV MODULES ELDORA VSPH.72.350.05-36M_D ,01:06:28,      ,                         ,SUPRIYA.M ,06.12.2021,0020       ,Stock at a non-HU storage location
63,63, 22292391     ,200201033500,151456N6HD,1000201813   ,06.12.2021,PV MODULES ELDORA VSPH.72.350.05-36M_D ,01:06:28,      ,                         ,SUPRIYA.M ,06.12.2021,0020       ,Stock at a non-HU storage location
64,64, 22292505     ,200201033500,151456N6HD,1000201813   ,06.12.2021,PV MODULES ELDORA VSPH.72.350.05-36M_D ,01:06:28,      ,                         ,SUPRIYA.M ,06.12.2021,0020       ,Stock at a non-HU storage location
65,65, 22292508     ,200201033500,151456N6HD,1000201813   ,06.12.2021,PV MODULES ELDORA VSPH.72.350.05-36M_D ,01:06:28,      ,                         ,SUPRIYA.M ,06.12.2021,0020       ,Stock at a non-HU storage location
66,66, 22292537     ,200201033500,151456N6HD,1000201813   ,06.12.2021,PV MODULES ELDORA VSPH.72.350.05-36M_D ,01:06:28,      ,                         ,SUPRIYA.M ,06.12.2021,0020       ,Stock at a non-HU storage location
67,67, 22292572     ,200201033500,151456N6HD,1000201813   ,06.12.2021,PV MODULES ELDORA VSPH.72.350.05-36M_D ,01:06:28,      ,                         ,SUPRIYA.M ,06.12.2021,0020       ,Stock at a non-HU storage location
68,68, 22292574     ,200201033500,151456N6HD,1000201813   ,06.12.2021,PV MODULES ELDORA VSPH.72.350.05-36M_D ,01:06:28,      ,                         ,SUPRIYA.M ,06.12.2021,0020       ,Stock at a non-HU storage location
69,69, 22292576     ,200201033500,151456N6HD,1000201813   ,06.12.2021,PV MODULES ELDORA VSPH.72.350.05-36M_D ,01:06:28,      ,                         ,SUPRIYA.M ,06.12.2021,0020       ,Stock at a non-HU storage location
70,70, 22291486     ,200201033500,151455N6HD,1000201812   ,06.12.2021,PV MODULES ELDORA VSPH.72.350.05-36M_D ,00:55:05,      ,                         ,SUPRIYA.M ,06.12.2021,0020       ,Stock at a non-HU storage location
71,71, 22291932     ,200201033500,151456N6HD,1000201812   ,06.12.2021,PV MODULES ELDORA VSPH.72.350.05-36M_D ,00:55:05,      ,                         ,SUPRIYA.M ,06.12.2021,0020       ,Stock at a non-HU storage location
72,72, 22291975     ,200201033500,151456N6HD,1000201812   ,06.12.2021,PV MODULES ELDORA VSPH.72.350.05-36M_D ,00:55:05,      ,                         ,SUPRIYA.M ,06.12.2021,0020       ,Stock at a non-HU storage location
73,73, 22291998     ,200201033500,151456N6HD,1000201812   ,06.12.2021,PV MODULES ELDORA VSPH.72.350.05-36M_D ,00:55:05,      ,                         ,SUPRIYA.M ,06.12.2021,0020       ,Stock at a non-HU storage location
74,74, 22292043     ,200201033500,151456N6HD,1000201812   ,06.12.2021,PV MODULES ELDORA VSPH.72.350.05-36M_D ,00:55:05,      ,                         ,SUPRIYA.M ,06.12.2021,0020       ,Stock at a non-HU storage location
75,75, 22292046     ,200201033500,151456N6HD,1000201812   ,06.12.2021,PV MODULES ELDORA VSPH.72.350.05-36M_D ,00:55:05,      ,                         ,SUPRIYA.M ,06.12.2021,0020       ,Stock at a non-HU storage location
76,76, 22292058     ,200201033500,151456N6HD,1000201812   ,06.12.2021,PV MODULES ELDORA VSPH.72.350.05-36M_D ,00:55:05,      ,                         ,SUPRIYA.M ,06.12.2021,0020       ,Stock at a non-HU storage location
77,77, 22292067     ,200201033500,151456N6HD,1000201812   ,06.12.2021,PV MODULES ELDORA VSPH.72.350.05-36M_D ,00:55:05,      ,                         ,SUPRIYA.M ,06.12.2021,0020       ,Stock at a non-HU storage location
78,78, 22292073     ,200201033500,151456N6HD,1000201812   ,06.12.2021,PV MODULES ELDORA VSPH.72.350.05-36M_D ,00:55:05,      ,                         ,SUPRIYA.M ,06.12.2021,0020       ,Stock at a non-HU storage location
79,79, 22292074     ,200201033500,151456N6HD,1000201812   ,06.12.2021,PV MODULES ELDORA VSPH.72.350.05-36M_D ,00:55:05,      ,                         ,SUPRIYA.M ,06.12.2021,0020       ,Stock at a non-HU storage location
80,80, 22292085     ,200201033500,151456N6HD,1000201812   ,06.12.2021,PV MODULES ELDORA VSPH.72.350.05-36M_D ,00:55:05,      ,                         ,SUPRIYA.M ,06.12.2021,0020       ,Stock at a non-HU storage location
81,81, 22292104     ,200201033500,151456N6HD,1000201812   ,06.12.2021,PV MODULES ELDORA VSPH.72.350.05-36M_D ,00:55:05,      ,                         ,SUPRIYA.M ,06.12.2021,0020       ,Stock at a non-HU storage location
82,82, 22292112     ,200201033500,151456N6HD,1000201812   ,06.12.2021,PV MODULES ELDORA VSPH.72.350.05-36M_D ,00:55:05,      ,                         ,SUPRIYA.M ,06.12.2021,0020       ,Stock at a non-HU storage location
83,83, 22292114     ,200201033500,151456N6HD,1000201812   ,06.12.2021,PV MODULES ELDORA VSPH.72.350.05-36M_D ,00:55:05,      ,                         ,SUPRIYA.M ,06.12.2021,0020       ,Stock at a non-HU storage location
84,84, 22292272     ,200201033500,151456N6HD,1000201812   ,06.12.2021,PV MODULES ELDORA VSPH.72.350.05-36M_D ,00:55:05,      ,                         ,SUPRIYA.M ,06.12.2021,0020       ,Stock at a non-HU storage location
85,85, 22292277     ,200201033500,151456N6HD,1000201812   ,06.12.2021,PV MODULES ELDORA VSPH.72.350.05-36M_D ,00:55:05,      ,                         ,SUPRIYA.M ,06.12.2021,0020       ,Stock at a non-HU storage location
86,86, 22292302     ,200201033500,151456N6HD,1000201812   ,06.12.2021,PV MODULES ELDORA VSPH.72.350.05-36M_D ,00:55:05,      ,                         ,SUPRIYA.M ,06.12.2021,0020       ,Stock at a non-HU storage location
87,87, 22292304     ,200201033500,151456N6HD,1000201812   ,06.12.2021,PV MODULES ELDORA VSPH.72.350.05-36M_D ,00:55:05,      ,                         ,SUPRIYA.M ,06.12.2021,0020       ,Stock at a non-HU storage location
88,88, 22292308     ,200201033500,151456N6HD,1000201812   ,06.12.2021,PV MODULES ELDORA VSPH.72.350.05-36M_D ,00:55:05,      ,                         ,SUPRIYA.M ,06.12.2021,0020       ,Stock at a non-HU storage location
89,89, 22292316     ,200201033500,151456N6HD,1000201812   ,06.12.2021,PV MODULES ELDORA VSPH.72.350.05-36M_D ,00:55:05,      ,                         ,SUPRIYA.M ,06.12.2021,0020       ,Stock at a non-HU storage location
90,90, 22292321     ,200201033500,151456N6HD,1000201812   ,06.12.2021,PV MODULES ELDORA VSPH.72.350.05-36M_D ,00:55:05,      ,                         ,SUPRIYA.M ,06.12.2021,0020       ,Stock at a non-HU storage location
91,91, 22292328     ,200201033500,151456N6HD,1000201812   ,06.12.2021,PV MODULES ELDORA VSPH.72.350.05-36M_D ,00:55:05,      ,                         ,SUPRIYA.M ,06.12.2021,0020       ,Stock at a non-HU storage location
92,92, 22292330     ,200201033500,151456N6HD,1000201812   ,06.12.2021,PV MODULES ELDORA VSPH.72.350.05-36M_D ,00:55:05,      ,                         ,SUPRIYA.M ,06.12.2021,0020       ,Stock at a non-HU storage location
93,93, 22292336     ,200201033500,151456N6HD,1000201812   ,06.12.2021,PV MODULES ELDORA VSPH.72.350.05-36M_D ,00:55:05,      ,                         ,SUPRIYA.M ,06.12.2021,0020       ,Stock at a non-HU storage location
94,94, 22292394     ,200201033500,151456N6HD,1000201812   ,06.12.2021,PV MODULES ELDORA VSPH.72.350.05-36M_D ,00:55:05,      ,                         ,SUPRIYA.M ,06.12.2021,0020       ,Stock at a non-HU storage location
95,95, 22292522     ,200201033500,151456N6HD,1000201812   ,06.12.2021,PV MODULES ELDORA VSPH.72.350.05-36M_D ,00:55:05,      ,                         ,SUPRIYA.M ,06.12.2021,0020       ,Stock at a non-HU storage location
96,96, 22292529     ,200201033500,151456N6HD,1000201812   ,06.12.2021,PV MODULES ELDORA VSPH.72.350.05-36M_D ,00:55:05,      ,                         ,SUPRIYA.M ,06.12.2021,0020       ,Stock at a non-HU storage location
97,97, 22292534     ,200201033500,151456N6HD,1000201812   ,06.12.2021,PV MODULES ELDORA VSPH.72.350.05-36M_D ,00:55:05,      ,                         ,SUPRIYA.M ,06.12.2021,0020       ,Stock at a non-HU storage location
98,98, 22292551     ,200201033500,151456N6HD,1000201812   ,06.12.2021,PV MODULES ELDORA VSPH.72.350.05-36M_D ,00:55:05,      ,                         ,SUPRIYA.M ,06.12.2021,0020       ,Stock at a non-HU storage location
99,99, 22292567     ,200201033500,151456N6HD,1000201812   ,06.12.2021,PV MODULES ELDORA VSPH.72.350.05-36M_D ,00:55:05,      ,                         ,SUPRIYA.M ,06.12.2021,0020       ,Stock at a non-HU storage location
100,100, 22288576     ,200201033500,151454N6HD,1000201811   ,06.12.2021,PV MODULES ELDORA VSPH.72.350.05-36M_D ,00:53:08,      ,                         ,SUPRIYA.M ,06.12.2021,0020       ,Stock at a non-HU storage location
101,101, 22288587     ,200201033500,151454N6HD,1000201811   ,06.12.2021,PV MODULES ELDORA VSPH.72.350.05-36M_D ,00:53:08,      ,                         ,SUPRIYA.M ,06.12.2021,0020       ,Stock at a non-HU storage location
102,102, 22288694     ,200201033500,151454N6HD,1000201811   ,06.12.2021,PV MODULES ELDORA VSPH.72.350.05-36M_D ,00:53:08,      ,                         ,SUPRIYA.M ,06.12.2021,0020       ,Stock at a non-HU storage location
103,103, 22288757     ,200201033500,151454N6HD,1000201811   ,06.12.2021,PV MODULES ELDORA VSPH.72.350.05-36M_D ,00:53:08,      ,                         ,SUPRIYA.M ,06.12.2021,0020       ,Stock at a non-HU storage location
104,104, 22288801     ,200201033500,151454N6HD,1000201811   ,06.12.2021,PV MODULES ELDORA VSPH.72.350.05-36M_D ,00:53:08,      ,                         ,SUPRIYA.M ,06.12.2021,0020       ,Stock at a non-HU storage location
105,105, 22288926     ,200201033500,151454N6HD,1000201811   ,06.12.2021,PV MODULES ELDORA VSPH.72.350.05-36M_D ,00:53:08,      ,                         ,SUPRIYA.M ,06.12.2021,0020       ,Stock at a non-HU storage location
106,106, 22289059     ,200201033500,151454N6HD,1000201811   ,06.12.2021,PV MODULES ELDORA VSPH.72.350.05-36M_D ,00:53:08,      ,                         ,SUPRIYA.M ,06.12.2021,0020       ,Stock at a non-HU storage location
107,107, 22289190     ,200201033500,151454N6HD,1000201811   ,06.12.2021,PV MODULES ELDORA VSPH.72.350.05-36M_D ,00:53:08,      ,                         ,SUPRIYA.M ,06.12.2021,0020       ,Stock at a non-HU storage location
108,108, 22289201     ,200201033500,151454N6HD,1000201811   ,06.12.2021,PV MODULES ELDORA VSPH.72.350.05-36M_D ,00:53:08,      ,                         ,SUPRIYA.M ,06.12.2021,0020       ,Stock at a non-HU storage location
109,109, 22289204     ,200201033500,151454N6HD,1000201811   ,06.12.2021,PV MODULES ELDORA VSPH.72.350.05-36M_D ,00:53:08,      ,                         ,SUPRIYA.M ,06.12.2021,0020       ,Stock at a non-HU storage location
110,110, 22289225     ,200201033500,151454N6HD,1000201811   ,06.12.2021,PV MODULES ELDORA VSPH.72.350.05-36M_D ,00:53:08,      ,                         ,SUPRIYA.M ,06.12.2021,0020       ,Stock at a non-HU storage location
111,111, 22289237     ,200201033500,151454N6HD,1000201811   ,06.12.2021,PV MODULES ELDORA VSPH.72.350.05-36M_D ,00:53:08,      ,                         ,SUPRIYA.M ,06.12.2021,0020       ,Stock at a non-HU storage location
112,112, 22289303     ,200201033500,151454N6HD,1000201811   ,06.12.2021,PV MODULES ELDORA VSPH.72.350.05-36M_D ,00:53:08,      ,                         ,SUPRIYA.M ,06.12.2021,0020       ,Stock at a non-HU storage location
113,113, 22289433     ,200201033500,151454N6HD,1000201811   ,06.12.2021,PV MODULES ELDORA VSPH.72.350.05-36M_D ,00:53:08,      ,                         ,SUPRIYA.M ,06.12.2021,0020       ,Stock at a non-HU storage location
114,114, 22289461     ,200201033500,151454N6HD,1000201811   ,06.12.2021,PV MODULES ELDORA VSPH.72.350.05-36M_D ,00:53:08,      ,                         ,SUPRIYA.M ,06.12.2021,0020       ,Stock at a non-HU storage location
115,115, 22289462     ,200201033500,151454N6HD,1000201811   ,06.12.2021,PV MODULES ELDORA VSPH.72.350.05-36M_D ,00:53:08,      ,                         ,SUPRIYA.M ,06.12.2021,0020       ,Stock at a non-HU storage location
116,116, 22289525     ,200201033500,151454N6HD,1000201811   ,06.12.2021,PV MODULES ELDORA VSPH.72.350.05-36M_D ,00:53:08,      ,                         ,SUPRIYA.M ,06.12.2021,0020       ,Stock at a non-HU storage location
117,117, 22289543     ,200201033500,151454N6HD,1000201811   ,06.12.2021,PV MODULES ELDORA VSPH.72.350.05-36M_D ,00:53:08,      ,                         ,SUPRIYA.M ,06.12.2021,0020       ,Stock at a non-HU storage location
118,118, 22289743     ,200201033500,151454N6HD,1000201811   ,06.12.2021,PV MODULES ELDORA VSPH.72.350.05-36M_D ,00:53:08,      ,                         ,SUPRIYA.M ,06.12.2021,0020       ,Stock at a non-HU storage location
119,119, 22289763     ,200201033500,151454N6HD,1000201811   ,06.12.2021,PV MODULES ELDORA VSPH.72.350.05-36M_D ,00:53:08,      ,                         ,SUPRIYA.M ,06.12.2021,0020       ,Stock at a non-HU storage location
120,120, 22289799     ,200201033500,151454N6HD,1000201811   ,06.12.2021,PV MODULES ELDORA VSPH.72.350.05-36M_D ,00:53:08,      ,                         ,SUPRIYA.M ,06.12.2021,0020       ,Stock at a non-HU storage location
121,121, 22289832     ,200201033500,151454N6HD,1000201811   ,06.12.2021,PV MODULES ELDORA VSPH.72.350.05-36M_D ,00:53:08,      ,                         ,SUPRIYA.M ,06.12.2021,0020       ,Stock at a non-HU storage location
122,122, 22289843     ,200201033500,151454N6HD,1000201811   ,06.12.2021,PV MODULES ELDORA VSPH.72.350.05-36M_D ,00:53:08,      ,                         ,SUPRIYA.M ,06.12.2021,0020       ,Stock at a non-HU storage location
123,123, 22289919     ,200201033500,151454N6HD,1000201811   ,06.12.2021,PV MODULES ELDORA VSPH.72.350.05-36M_D ,00:53:08,      ,                         ,SUPRIYA.M ,06.12.2021,0020       ,Stock at a non-HU storage location
124,124, 22289946     ,200201033500,151454N6HD,1000201811   ,06.12.2021,PV MODULES ELDORA VSPH.72.350.05-36M_D ,00:53:08,      ,                         ,SUPRIYA.M ,06.12.2021,0020       ,Stock at a non-HU storage location
125,125, 22289948     ,200201033500,151454N6HD,1000201811   ,06.12.2021,PV MODULES ELDORA VSPH.72.350.05-36M_D ,00:53:08,      ,                         ,SUPRIYA.M ,06.12.2021,0020       ,Stock at a non-HU storage location
126,126, 22289949     ,200201033500,151454N6HD,1000201811   ,06.12.2021,PV MODULES ELDORA VSPH.72.350.05-36M_D ,00:53:08,      ,                         ,SUPRIYA.M ,06.12.2021,0020       ,Stock at a non-HU storage location
127,127, 22289950     ,200201033500,151454N6HD,1000201811   ,06.12.2021,PV MODULES ELDORA VSPH.72.350.05-36M_D ,00:53:08,      ,                         ,SUPRIYA.M ,06.12.2021,0020       ,Stock at a non-HU storage location
128,128, 22289951     ,200201033500,151454N6HD,1000201811   ,06.12.2021,PV MODULES ELDORA VSPH.72.350.05-36M_D ,00:53:08,      ,                         ,SUPRIYA.M ,06.12.2021,0020       ,Stock at a non-HU storage location
129,129, 22289978     ,200201033500,151454N6HD,1000201811   ,06.12.2021,PV MODULES ELDORA VSPH.72.350.05-36M_D ,00:53:08,      ,                         ,SUPRIYA.M ,06.12.2021,0020       ,Stock at a non-HU storage location
130,130, 22290580     ,200201033500,151455N6LD,1000201810   ,06.12.2021,PV MODULES ELDORA VSPH.72.350.05-36M_D ,00:42:54,      ,                         ,SUPRIYA.M ,06.12.2021,0020       ,Stock at a non-HU storage location
131,131, 22290757     ,200201033500,151455N6LD,1000201810   ,06.12.2021,PV MODULES ELDORA VSPH.72.350.05-36M_D ,00:42:54,      ,                         ,SUPRIYA.M ,06.12.2021,0020       ,Stock at a non-HU storage location
132,132, 22290955     ,200201033500,151455N6LD,1000201810   ,06.12.2021,PV MODULES ELDORA VSPH.72.350.05-36M_D ,00:42:54,      ,                         ,SUPRIYA.M ,06.12.2021,0020       ,Stock at a non-HU storage location
133,133, 22291676     ,200201033500,151456N6LD,1000201810   ,06.12.2021,PV MODULES ELDORA VSPH.72.350.05-36M_D ,00:42:54,      ,                         ,SUPRIYA.M ,06.12.2021,0020       ,Stock at a non-HU storage location
134,134, 22291692     ,200201033500,151456N6LD,1000201810   ,06.12.2021,PV MODULES ELDORA VSPH.72.350.05-36M_D ,00:42:54,      ,                         ,SUPRIYA.M ,06.12.2021,0020       ,Stock at a non-HU storage location
135,135, 22291695     ,200201033500,151456N6LD,1000201810   ,06.12.2021,PV MODULES ELDORA VSPH.72.350.05-36M_D ,00:42:54,      ,                         ,SUPRIYA.M ,06.12.2021,0020       ,Stock at a non-HU storage location
136,136, 22291737     ,200201033500,151456N6LD,1000201810   ,06.12.2021,PV MODULES ELDORA VSPH.72.350.05-36M_D ,00:42:54,      ,                         ,SUPRIYA.M ,06.12.2021,0020       ,Stock at a non-HU storage location
137,137, 22291801     ,200201033500,151456N6LD,1000201810   ,06.12.2021,PV MODULES ELDORA VSPH.72.350.05-36M_D ,00:42:54,      ,                         ,SUPRIYA.M ,06.12.2021,0020       ,Stock at a non-HU storage location
138,138, 22291802     ,200201033500,151456N6LD,1000201810   ,06.12.2021,PV MODULES ELDORA VSPH.72.350.05-36M_D ,00:42:54,      ,                         ,SUPRIYA.M ,06.12.2021,0020       ,Stock at a non-HU storage location
139,139, 22291887     ,200201033500,151456N6LD,1000201810   ,06.12.2021,PV MODULES ELDORA VSPH.72.350.05-36M_D ,00:42:54,      ,                         ,SUPRIYA.M ,06.12.2021,0020       ,Stock at a non-HU storage location
140,140, 22291972     ,200201033500,151456N6LD,1000201810   ,06.12.2021,PV MODULES ELDORA VSPH.72.350.05-36M_D ,00:42:54,      ,                         ,SUPRIYA.M ,06.12.2021,0020       ,Stock at a non-HU storage location
141,141, 22291976     ,200201033500,151456N6LD,1000201810   ,06.12.2021,PV MODULES ELDORA VSPH.72.350.05-36M_D ,00:42:54,      ,                         ,SUPRIYA.M ,06.12.2021,0020       ,Stock at a non-HU storage location
142,142, 22291979     ,200201033500,151456N6LD,1000201810   ,06.12.2021,PV MODULES ELDORA VSPH.72.350.05-36M_D ,00:42:54,      ,                         ,SUPRIYA.M ,06.12.2021,0020       ,Stock at a non-HU storage location
143,143, 22291985     ,200201033500,151456N6LD,1000201810   ,06.12.2021,PV MODULES ELDORA VSPH.72.350.05-36M_D ,00:42:54,      ,                         ,SUPRIYA.M ,06.12.2021,0020       ,Stock at a non-HU storage location
144,144, 22292007     ,200201033500,151456N6LD,1000201810   ,06.12.2021,PV MODULES ELDORA VSPH.72.350.05-36M_D ,00:42:54,      ,                         ,SUPRIYA.M ,06.12.2021,0020       ,Stock at a non-HU storage location
145,145, 22292016     ,200201033500,151456N6LD,1000201810   ,06.12.2021,PV MODULES ELDORA VSPH.72.350.05-36M_D ,00:42:54,      ,                         ,SUPRIYA.M ,06.12.2021,0020       ,Stock at a non-HU storage location
146,146, 22292166     ,200201033500,151456N6LD,1000201810   ,06.12.2021,PV MODULES ELDORA VSPH.72.350.05-36M_D ,00:42:54,      ,                         ,SUPRIYA.M ,06.12.2021,0020       ,Stock at a non-HU storage location
147,147, 22292193     ,200201033500,151456N6LD,1000201810   ,06.12.2021,PV MODULES ELDORA VSPH.72.350.05-36M_D ,00:42:54,      ,                         ,SUPRIYA.M ,06.12.2021,0020       ,Stock at a non-HU storage location
148,148, 22292227     ,200201033500,151456N6LD,1000201810   ,06.12.2021,PV MODULES ELDORA VSPH.72.350.05-36M_D ,00:42:54,      ,                         ,SUPRIYA.M ,06.12.2021,0020       ,Stock at a non-HU storage location
149,149, 22292239     ,200201033500,151456N6LD,1000201810   ,06.12.2021,PV MODULES ELDORA VSPH.72.350.05-36M_D ,00:42:54,      ,                         ,SUPRIYA.M ,06.12.2021,0020       ,Stock at a non-HU storage location
150,150, 22292351     ,200201033500,151456N6LD,1000201810   ,06.12.2021,PV MODULES ELDORA VSPH.72.350.05-36M_D ,00:42:54,      ,                         ,SUPRIYA.M ,06.12.2021,0020       ,Stock at a non-HU storage location
151,151, 22292353     ,200201033500,151456N6LD,1000201810   ,06.12.2021,PV MODULES ELDORA VSPH.72.350.05-36M_D ,00:42:54,      ,                         ,SUPRIYA.M ,06.12.2021,0020       ,Stock at a non-HU storage location
152,152, 22292357     ,200201033500,151456N6LD,1000201810   ,06.12.2021,PV MODULES ELDORA VSPH.72.350.05-36M_D ,00:42:54,      ,                         ,SUPRIYA.M ,06.12.2021,0020       ,Stock at a non-HU storage location
153,153, 22292359     ,200201033500,151456N6LD,1000201810   ,06.12.2021,PV MODULES ELDORA VSPH.72.350.05-36M_D ,00:42:54,      ,                         ,SUPRIYA.M ,06.12.2021,0020       ,Stock at a non-HU storage location
154,154, 22292367     ,200201033500,151456N6LD,1000201810   ,06.12.2021,PV MODULES ELDORA VSPH.72.350.05-36M_D ,00:42:54,      ,                         ,SUPRIYA.M ,06.12.2021,0020       ,Stock at a non-HU storage location
155,155, 22292382     ,200201033500,151456N6LD,1000201810   ,06.12.2021,PV MODULES ELDORA VSPH.72.350.05-36M_D ,00:42:54,      ,                         ,SUPRIYA.M ,06.12.2021,0020       ,Stock at a non-HU storage location
156,156, 22292392     ,200201033500,151456N6LD,1000201810   ,06.12.2021,PV MODULES ELDORA VSPH.72.350.05-36M_D ,00:42:54,      ,                         ,SUPRIYA.M ,06.12.2021,0020       ,Stock at a non-HU storage location
157,157, 22292403     ,200201033500,151456N6LD,1000201810   ,06.12.2021,PV MODULES ELDORA VSPH.72.350.05-36M_D ,00:42:54,      ,                         ,SUPRIYA.M ,06.12.2021,0020       ,Stock at a non-HU storage location
158,158, 22292419     ,200201033500,151456N6LD,1000201810   ,06.12.2021,PV MODULES ELDORA VSPH.72.350.05-36M_D ,00:42:54,      ,                         ,SUPRIYA.M ,06.12.2021,0020       ,Stock at a non-HU storage location
159,159, 22292467     ,200201033500,151456N6LD,1000201810   ,06.12.2021,PV MODULES ELDORA VSPH.72.350.05-36M_D ,00:42:54,      ,                         ,SUPRIYA.M ,06.12.2021,0020       ,Stock at a non-HU storage location
160,160, 22290490     ,200201033500,151455N6HD,1000201809   ,06.12.2021,PV MODULES ELDORA VSPH.72.350.05-36M_D ,00:31:55,      ,                         ,SUPRIYA.M ,06.12.2021,0020       ,Stock at a non-HU storage location
161,161, 22290731     ,200201033500,151455N6HD,1000201809   ,06.12.2021,PV MODULES ELDORA VSPH.72.350.05-36M_D ,00:31:55,      ,                         ,SUPRIYA.M ,06.12.2021,0020       ,Stock at a non-HU storage location
162,162, 22290770     ,200201033500,151455N6HD,1000201809   ,06.12.2021,PV MODULES ELDORA VSPH.72.350.05-36M_D ,00:31:55,      ,                         ,SUPRIYA.M ,06.12.2021,0020       ,Stock at a non-HU storage location
163,163, 22291555     ,200201033500,151455N6HD,1000201809   ,06.12.2021,PV MODULES ELDORA VSPH.72.350.05-36M_D ,00:31:55,      ,                         ,SUPRIYA.M ,06.12.2021,0020       ,Stock at a non-HU storage location
164,164, 22291598     ,200201033500,151455N6HD,1000201809   ,06.12.2021,PV MODULES ELDORA VSPH.72.350.05-36M_D ,00:31:55,      ,                         ,SUPRIYA.M ,06.12.2021,0020       ,Stock at a non-HU storage location
165,165, 22291834     ,200201033500,151456N6HD,1000201809   ,06.12.2021,PV MODULES ELDORA VSPH.72.350.05-36M_D ,00:31:55,      ,                         ,SUPRIYA.M ,06.12.2021,0020       ,Stock at a non-HU storage location
166,166, 22291857     ,200201033500,151456N6HD,1000201809   ,06.12.2021,PV MODULES ELDORA VSPH.72.350.05-36M_D ,00:31:55,      ,                         ,SUPRIYA.M ,06.12.2021,0020       ,Stock at a non-HU storage location
167,167, 22292044     ,200201033500,151456N6HD,1000201809   ,06.12.2021,PV MODULES ELDORA VSPH.72.350.05-36M_D ,00:31:55,      ,                         ,SUPRIYA.M ,06.12.2021,0020       ,Stock at a non-HU storage location
168,168, 22292045     ,200201033500,151456N6HD,1000201809   ,06.12.2021,PV MODULES ELDORA VSPH.72.350.05-36M_D ,00:31:55,      ,                         ,SUPRIYA.M ,06.12.2021,0020       ,Stock at a non-HU storage location
169,169, 22292084     ,200201033500,151456N6HD,1000201809   ,06.12.2021,PV MODULES ELDORA VSPH.72.350.05-36M_D ,00:31:55,      ,                         ,SUPRIYA.M ,06.12.2021,0020       ,Stock at a non-HU storage location
170,170, 22292099     ,200201033500,151456N6HD,1000201809   ,06.12.2021,PV MODULES ELDORA VSPH.72.350.05-36M_D ,00:31:55,      ,                         ,SUPRIYA.M ,06.12.2021,0020       ,Stock at a non-HU storage location
171,171, 22292107     ,200201033500,151456N6HD,1000201809   ,06.12.2021,PV MODULES ELDORA VSPH.72.350.05-36M_D ,00:31:55,      ,                         ,SUPRIYA.M ,06.12.2021,0020       ,Stock at a non-HU storage location
172,172, 22292226     ,200201033500,151456N6HD,1000201809   ,06.12.2021,PV MODULES ELDORA VSPH.72.350.05-36M_D ,00:31:55,      ,                         ,SUPRIYA.M ,06.12.2021,0020       ,Stock at a non-HU storage location
173,173, 22292253     ,200201033500,151456N6HD,1000201809   ,06.12.2021,PV MODULES ELDORA VSPH.72.350.05-36M_D ,00:31:55,      ,                         ,SUPRIYA.M ,06.12.2021,0020       ,Stock at a non-HU storage location
174,174, 22292267     ,200201033500,151456N6HD,1000201809   ,06.12.2021,PV MODULES ELDORA VSPH.72.350.05-36M_D ,00:31:55,      ,                         ,SUPRIYA.M ,06.12.2021,0020       ,Stock at a non-HU storage location
175,175, 22292278     ,200201033500,151456N6HD,1000201809   ,06.12.2021,PV MODULES ELDORA VSPH.72.350.05-36M_D ,00:31:55,      ,                         ,SUPRIYA.M ,06.12.2021,0020       ,Stock at a non-HU storage location
176,176, 22292292     ,200201033500,151456N6HD,1000201809   ,06.12.2021,PV MODULES ELDORA VSPH.72.350.05-36M_D ,00:31:55,      ,                         ,SUPRIYA.M ,06.12.2021,0020       ,Stock at a non-HU storage location
177,177, 22292296     ,200201033500,151456N6HD,1000201809   ,06.12.2021,PV MODULES ELDORA VSPH.72.350.05-36M_D ,00:31:55,      ,                         ,SUPRIYA.M ,06.12.2021,0020       ,Stock at a non-HU storage location
178,178, 22292310     ,200201033500,151456N6HD,1000201809   ,06.12.2021,PV MODULES ELDORA VSPH.72.350.05-36M_D ,00:31:55,      ,                         ,SUPRIYA.M ,06.12.2021,0020       ,Stock at a non-HU storage location
179,179, 22292315     ,200201033500,151456N6HD,1000201809   ,06.12.2021,PV MODULES ELDORA VSPH.72.350.05-36M_D ,00:31:55,      ,                         ,SUPRIYA.M ,06.12.2021,0020       ,Stock at a non-HU storage location
180,180, 22292335     ,200201033500,151456N6HD,1000201809   ,06.12.2021,PV MODULES ELDORA VSPH.72.350.05-36M_D ,00:31:55,      ,                         ,SUPRIYA.M ,06.12.2021,0020       ,Stock at a non-HU storage location
181,181, 22292340     ,200201033500,151456N6HD,1000201809   ,06.12.2021,PV MODULES ELDORA VSPH.72.350.05-36M_D ,00:31:55,      ,                         ,SUPRIYA.M ,06.12.2021,0020       ,Stock at a non-HU storage location
182,182, 22292487     ,200201033500,151456N6HD,1000201809   ,06.12.2021,PV MODULES ELDORA VSPH.72.350.05-36M_D ,00:31:55,      ,                         ,SUPRIYA.M ,06.12.2021,0020       ,Stock at a non-HU storage location
183,183, 22292542     ,200201033500,151456N6HD,1000201809   ,06.12.2021,PV MODULES ELDORA VSPH.72.350.05-36M_D ,00:31:55,      ,                         ,SUPRIYA.M ,06.12.2021,0020       ,Stock at a non-HU storage location
184,184, 22292543     ,200201033500,151456N6HD,1000201809   ,06.12.2021,PV MODULES ELDORA VSPH.72.350.05-36M_D ,00:31:55,      ,                         ,SUPRIYA.M ,06.12.2021,0020       ,Stock at a non-HU storage location
185,185, 22292544     ,200201033500,151456N6HD,1000201809   ,06.12.2021,PV MODULES ELDORA VSPH.72.350.05-36M_D ,00:31:55,      ,                         ,SUPRIYA.M ,06.12.2021,0020       ,Stock at a non-HU storage location
186,186, 22292549     ,200201033500,151456N6HD,1000201809   ,06.12.2021,PV MODULES ELDORA VSPH.72.350.05-36M_D ,00:31:55,      ,                         ,SUPRIYA.M ,06.12.2021,0020       ,Stock at a non-HU storage location
187,187, 22292553     ,200201033500,151456N6HD,1000201809   ,06.12.2021,PV MODULES ELDORA VSPH.72.350.05-36M_D ,00:31:55,      ,                         ,SUPRIYA.M ,06.12.2021,0020       ,Stock at a non-HU storage location
188,188, 22292562     ,200201033500,151456N6HD,1000201809   ,06.12.2021,PV MODULES ELDORA VSPH.72.350.05-36M_D ,00:31:55,      ,                         ,SUPRIYA.M ,06.12.2021,0020       ,Stock at a non-HU storage location
189,189, 22292566     ,200201033500,151456N6HD,1000201809   ,06.12.2021,PV MODULES ELDORA VSPH.72.350.05-36M_D ,00:31:55,      ,                         ,SUPRIYA.M ,06.12.2021,0020       ,Stock at a non-HU storage location
190,190, 22290333     ,200201033500,151455N6LD,1000201808   ,06.12.2021,PV MODULES ELDORA VSPH.72.350.05-36M_D ,00:28:50,      ,                         ,SUPRIYA.M ,06.12.2021,0020       ,Stock at a non-HU storage location
191,191, 22290357     ,200201033500,151455N6LD,1000201808   ,06.12.2021,PV MODULES ELDORA VSPH.72.350.05-36M_D ,00:28:50,      ,                         ,SUPRIYA.M ,06.12.2021,0020       ,Stock at a non-HU storage location
192,192, 22290567     ,200201033500,151455N6LD,1000201808   ,06.12.2021,PV MODULES ELDORA VSPH.72.350.05-36M_D ,00:28:50,      ,                         ,SUPRIYA.M ,06.12.2021,0020       ,Stock at a non-HU storage location
193,193, 22290594     ,200201033500,151455N6LD,1000201808   ,06.12.2021,PV MODULES ELDORA VSPH.72.350.05-36M_D ,00:28:50,      ,                         ,SUPRIYA.M ,06.12.2021,0020       ,Stock at a non-HU storage location
194,194, 22290641     ,200201033500,151455N6LD,1000201808   ,06.12.2021,PV MODULES ELDORA VSPH.72.350.05-36M_D ,00:28:50,      ,                         ,SUPRIYA.M ,06.12.2021,0020       ,Stock at a non-HU storage location
195,195, 22290748     ,200201033500,151455N6LD,1000201808   ,06.12.2021,PV MODULES ELDORA VSPH.72.350.05-36M_D ,00:28:50,      ,                         ,SUPRIYA.M ,06.12.2021,0020       ,Stock at a non-HU storage location
196,196, 22291153     ,200201033500,151455N6LD,1000201808   ,06.12.2021,PV MODULES ELDORA VSPH.72.350.05-36M_D ,00:28:50,      ,                         ,SUPRIYA.M ,06.12.2021,0020       ,Stock at a non-HU storage location
197,197, 22291197     ,200201033500,151455N6LD,1000201808   ,06.12.2021,PV MODULES ELDORA VSPH.72.350.05-36M_D ,00:28:50,      ,                         ,SUPRIYA.M ,06.12.2021,0020       ,Stock at a non-HU storage location
198,198, 22291205     ,200201033500,151455N6LD,1000201808   ,06.12.2021,PV MODULES ELDORA VSPH.72.350.05-36M_D ,00:28:50,      ,                         ,SUPRIYA.M ,06.12.2021,0020       ,Stock at a non-HU storage location
199,199, 22291421     ,200201033500,151455N6LD,1000201808   ,06.12.2021,PV MODULES ELDORA VSPH.72.350.05-36M_D ,00:28:50,      ,                         ,SUPRIYA.M ,06.12.2021,0020       ,Stock at a non-HU storage location
200,200, 22291567     ,200201033500,151455N6LD,1000201808   ,06.12.2021,PV MODULES ELDORA VSPH.72.350.05-36M_D ,00:28:50,      ,                         ,SUPRIYA.M ,06.12.2021,0020       ,Stock at a non-HU storage location
201,201, 22291631     ,200201033500,151455N6LD,1000201808   ,06.12.2021,PV MODULES ELDORA VSPH.72.350.05-36M_D ,00:28:50,      ,                         ,SUPRIYA.M ,06.12.2021,0020       ,Stock at a non-HU storage location
202,202, 22291634     ,200201033500,151455N6LD,1000201808   ,06.12.2021,PV MODULES ELDORA VSPH.72.350.05-36M_D ,00:28:50,      ,                         ,SUPRIYA.M ,06.12.2021,0020       ,Stock at a non-HU storage location
203,203, 22291683     ,200201033500,151456N6LD,1000201808   ,06.12.2021,PV MODULES ELDORA VSPH.72.350.05-36M_D ,00:28:50,      ,                         ,SUPRIYA.M ,06.12.2021,0020       ,Stock at a non-HU storage location
204,204, 22291767     ,200201033500,151456N6LD,1000201808   ,06.12.2021,PV MODULES ELDORA VSPH.72.350.05-36M_D ,00:28:50,      ,                         ,SUPRIYA.M ,06.12.2021,0020       ,Stock at a non-HU storage location
205,205, 22291781     ,200201033500,151456N6LD,1000201808   ,06.12.2021,PV MODULES ELDORA VSPH.72.350.05-36M_D ,00:28:50,      ,                         ,SUPRIYA.M ,06.12.2021,0020       ,Stock at a non-HU storage location
206,206, 22291813     ,200201033500,151456N6LD,1000201808   ,06.12.2021,PV MODULES ELDORA VSPH.72.350.05-36M_D ,00:28:50,      ,                         ,SUPRIYA.M ,06.12.2021,0020       ,Stock at a non-HU storage location
207,207, 22291827     ,200201033500,151456N6LD,1000201808   ,06.12.2021,PV MODULES ELDORA VSPH.72.350.05-36M_D ,00:28:50,      ,                         ,SUPRIYA.M ,06.12.2021,0020       ,Stock at a non-HU storage location
208,208, 22291831     ,200201033500,151456N6LD,1000201808   ,06.12.2021,PV MODULES ELDORA VSPH.72.350.05-36M_D ,00:28:50,      ,                         ,SUPRIYA.M ,06.12.2021,0020       ,Stock at a non-HU storage location
209,209, 22291832     ,200201033500,151456N6LD,1000201808   ,06.12.2021,PV MODULES ELDORA VSPH.72.350.05-36M_D ,00:28:50,      ,                         ,SUPRIYA.M ,06.12.2021,0020       ,Stock at a non-HU storage location
210,210, 22291839     ,200201033500,151456N6LD,1000201808   ,06.12.2021,PV MODULES ELDORA VSPH.72.350.05-36M_D ,00:28:50,      ,                         ,SUPRIYA.M ,06.12.2021,0020       ,Stock at a non-HU storage location
211,211, 22291848     ,200201033500,151456N6LD,1000201808   ,06.12.2021,PV MODULES ELDORA VSPH.72.350.05-36M_D ,00:28:50,      ,                         ,SUPRIYA.M ,06.12.2021,0020       ,Stock at a non-HU storage location
212,212, 22291878     ,200201033500,151456N6LD,1000201808   ,06.12.2021,PV MODULES ELDORA VSPH.72.350.05-36M_D ,00:28:50,      ,                         ,SUPRIYA.M ,06.12.2021,0020       ,Stock at a non-HU storage location
213,213, 22291917     ,200201033500,151456N6LD,1000201808   ,06.12.2021,PV MODULES ELDORA VSPH.72.350.05-36M_D ,00:28:50,      ,                         ,SUPRIYA.M ,06.12.2021,0020       ,Stock at a non-HU storage location
214,214, 22291926     ,200201033500,151456N6LD,1000201808   ,06.12.2021,PV MODULES ELDORA VSPH.72.350.05-36M_D ,00:28:50,      ,                         ,SUPRIYA.M ,06.12.2021,0020       ,Stock at a non-HU storage location
215,215, 22292207     ,200201033500,151456N6LD,1000201808   ,06.12.2021,PV MODULES ELDORA VSPH.72.350.05-36M_D ,00:28:50,      ,                         ,SUPRIYA.M ,06.12.2021,0020       ,Stock at a non-HU storage location
216,216, 22292224     ,200201033500,151456N6LD,1000201808   ,06.12.2021,PV MODULES ELDORA VSPH.72.350.05-36M_D ,00:28:50,      ,                         ,SUPRIYA.M ,06.12.2021,0020       ,Stock at a non-HU storage location
217,217, 22292242     ,200201033500,151456N6LD,1000201808   ,06.12.2021,PV MODULES ELDORA VSPH.72.350.05-36M_D ,00:28:50,      ,                         ,SUPRIYA.M ,06.12.2021,0020       ,Stock at a non-HU storage location
218,218, 22292415     ,200201033500,151456N6LD,1000201808   ,06.12.2021,PV MODULES ELDORA VSPH.72.350.05-36M_D ,00:28:50,      ,                         ,SUPRIYA.M ,06.12.2021,0020       ,Stock at a non-HU storage location
219,219, 22292503     ,200201033500,151456N6LD,1000201808   ,06.12.2021,PV MODULES ELDORA VSPH.72.350.05-36M_D ,00:28:50,      ,                         ,SUPRIYA.M ,06.12.2021,0020       ,Stock at a non-HU storage location
220,220, 22291178     ,200201033500,151455N6HD,1000201807   ,06.12.2021,PV MODULES ELDORA VSPH.72.350.05-36M_D ,00:22:57,      ,                         ,SUPRIYA.M ,06.12.2021,0020       ,Stock at a non-HU storage location
221,221, 22291686     ,200201033500,151456N6HD,1000201807   ,06.12.2021,PV MODULES ELDORA VSPH.72.350.05-36M_D ,00:22:57,      ,                         ,SUPRIYA.M ,06.12.2021,0020       ,Stock at a non-HU storage location
222,222, 22291715     ,200201033500,151456N6HD,1000201807   ,06.12.2021,PV MODULES ELDORA VSPH.72.350.05-36M_D ,00:22:57,      ,                         ,SUPRIYA.M ,06.12.2021,0020       ,Stock at a non-HU storage location
223,223, 22291733     ,200201033500,151456N6HD,1000201807   ,06.12.2021,PV MODULES ELDORA VSPH.72.350.05-36M_D ,00:22:57,      ,                         ,SUPRIYA.M ,06.12.2021,0020       ,Stock at a non-HU storage location
224,224, 22291773     ,200201033500,151456N6HD,1000201807   ,06.12.2021,PV MODULES ELDORA VSPH.72.350.05-36M_D ,00:22:57,      ,                         ,SUPRIYA.M ,06.12.2021,0020       ,Stock at a non-HU storage location
225,225, 22291825     ,200201033500,151456N6HD,1000201807   ,06.12.2021,PV MODULES ELDORA VSPH.72.350.05-36M_D ,00:22:57,      ,                         ,SUPRIYA.M ,06.12.2021,0020       ,Stock at a non-HU storage location
226,226, 22291867     ,200201033500,151456N6HD,1000201807   ,06.12.2021,PV MODULES ELDORA VSPH.72.350.05-36M_D ,00:22:57,      ,                         ,SUPRIYA.M ,06.12.2021,0020       ,Stock at a non-HU storage location
227,227, 22291868     ,200201033500,151456N6HD,1000201807   ,06.12.2021,PV MODULES ELDORA VSPH.72.350.05-36M_D ,00:22:57,      ,                         ,SUPRIYA.M ,06.12.2021,0020       ,Stock at a non-HU storage location
228,228, 22291920     ,200201033500,151456N6HD,1000201807   ,06.12.2021,PV MODULES ELDORA VSPH.72.350.05-36M_D ,00:22:57,      ,                         ,SUPRIYA.M ,06.12.2021,0020       ,Stock at a non-HU storage location
229,229, 22291977     ,200201033500,151456N6HD,1000201807   ,06.12.2021,PV MODULES ELDORA VSPH.72.350.05-36M_D ,00:22:57,      ,                         ,SUPRIYA.M ,06.12.2021,0020       ,Stock at a non-HU storage location
230,230, 22292049     ,200201033500,151456N6HD,1000201807   ,06.12.2021,PV MODULES ELDORA VSPH.72.350.05-36M_D ,00:22:57,      ,                         ,SUPRIYA.M ,06.12.2021,0020       ,Stock at a non-HU storage location
231,231, 22292097     ,200201033500,151456N6HD,1000201807   ,06.12.2021,PV MODULES ELDORA VSPH.72.350.05-36M_D ,00:22:57,      ,                         ,SUPRIYA.M ,06.12.2021,0020       ,Stock at a non-HU storage location
232,232, 22292111     ,200201033500,151456N6HD,1000201807   ,06.12.2021,PV MODULES ELDORA VSPH.72.350.05-36M_D ,00:22:57,      ,                         ,SUPRIYA.M ,06.12.2021,0020       ,Stock at a non-HU storage location
233,233, 22292113     ,200201033500,151456N6HD,1000201807   ,06.12.2021,PV MODULES ELDORA VSPH.72.350.05-36M_D ,00:22:57,      ,                         ,SUPRIYA.M ,06.12.2021,0020       ,Stock at a non-HU storage location
234,234, 22292148     ,200201033500,151456N6HD,1000201807   ,06.12.2021,PV MODULES ELDORA VSPH.72.350.05-36M_D ,00:22:57,      ,                         ,SUPRIYA.M ,06.12.2021,0020       ,Stock at a non-HU storage location
235,235, 22292238     ,200201033500,151456N6HD,1000201807   ,06.12.2021,PV MODULES ELDORA VSPH.72.350.05-36M_D ,00:22:57,      ,                         ,SUPRIYA.M ,06.12.2021,0020       ,Stock at a non-HU storage location
236,236, 22292261     ,200201033500,151456N6HD,1000201807   ,06.12.2021,PV MODULES ELDORA VSPH.72.350.05-36M_D ,00:22:57,      ,                         ,SUPRIYA.M ,06.12.2021,0020       ,Stock at a non-HU storage location
237,237, 22292262     ,200201033500,151456N6HD,1000201807   ,06.12.2021,PV MODULES ELDORA VSPH.72.350.05-36M_D ,00:22:57,      ,                         ,SUPRIYA.M ,06.12.2021,0020       ,Stock at a non-HU storage location
238,238, 22292280     ,200201033500,151456N6HD,1000201807   ,06.12.2021,PV MODULES ELDORA VSPH.72.350.05-36M_D ,00:22:57,      ,                         ,SUPRIYA.M ,06.12.2021,0020       ,Stock at a non-HU storage location
239,239, 22292291     ,200201033500,151456N6HD,1000201807   ,06.12.2021,PV MODULES ELDORA VSPH.72.350.05-36M_D ,00:22:57,      ,                         ,SUPRIYA.M ,06.12.2021,0020       ,Stock at a non-HU storage location
240,240, 22292300     ,200201033500,151456N6HD,1000201807   ,06.12.2021,PV MODULES ELDORA VSPH.72.350.05-36M_D ,00:22:57,      ,                         ,SUPRIYA.M ,06.12.2021,0020       ,Stock at a non-HU storage location
241,241, 22292318     ,200201033500,151456N6HD,1000201807   ,06.12.2021,PV MODULES ELDORA VSPH.72.350.05-36M_D ,00:22:57,      ,                         ,SUPRIYA.M ,06.12.2021,0020       ,Stock at a non-HU storage location
242,242, 22292331     ,200201033500,151456N6HD,1000201807   ,06.12.2021,PV MODULES ELDORA VSPH.72.350.05-36M_D ,00:22:57,      ,                         ,SUPRIYA.M ,06.12.2021,0020       ,Stock at a non-HU storage location
243,243, 22292341     ,200201033500,151456N6HD,1000201807   ,06.12.2021,PV MODULES ELDORA VSPH.72.350.05-36M_D ,00:22:57,      ,                         ,SUPRIYA.M ,06.12.2021,0020       ,Stock at a non-HU storage location
244,244, 22292400     ,200201033500,151456N6HD,1000201807   ,06.12.2021,PV MODULES ELDORA VSPH.72.350.05-36M_D ,00:22:57,      ,                         ,SUPRIYA.M ,06.12.2021,0020       ,Stock at a non-HU storage location
245,245, 22292452     ,200201033500,151456N6HD,1000201807   ,06.12.2021,PV MODULES ELDORA VSPH.72.350.05-36M_D ,00:22:57,      ,                         ,SUPRIYA.M ,06.12.2021,0020       ,Stock at a non-HU storage location
246,246, 22292527     ,200201033500,151456N6HD,1000201807   ,06.12.2021,PV MODULES ELDORA VSPH.72.350.05-36M_D ,00:22:57,      ,                         ,SUPRIYA.M ,06.12.2021,0020       ,Stock at a non-HU storage location
247,247, 22292530     ,200201033500,151456N6HD,1000201807   ,06.12.2021,PV MODULES ELDORA VSPH.72.350.05-36M_D ,00:22:57,      ,                         ,SUPRIYA.M ,06.12.2021,0020       ,Stock at a non-HU storage location
248,248, 22292552     ,200201033500,151456N6HD,1000201807   ,06.12.2021,PV MODULES ELDORA VSPH.72.350.05-36M_D ,00:22:57,      ,                         ,SUPRIYA.M ,06.12.2021,0020       ,Stock at a non-HU storage location
249,249, 22292555     ,200201033500,151456N6HD,1000201807   ,06.12.2021,PV MODULES ELDORA VSPH.72.350.05-36M_D ,00:22:57,      ,                         ,SUPRIYA.M ,06.12.2021,0020       ,Stock at a non-HU storage location
250,250, 22288688     ,200201033500,151454N6LD,1000201806   ,06.12.2021,PV MODULES ELDORA VSPH.72.350.05-36M_D ,00:04:08,      ,                         ,SUPRIYA.M ,06.12.2021,0020       ,Stock at a non-HU storage location
251,251, 22288900     ,200201033500,151454N6LD,1000201806   ,06.12.2021,PV MODULES ELDORA VSPH.72.350.05-36M_D ,00:04:08,      ,                         ,SUPRIYA.M ,06.12.2021,0020       ,Stock at a non-HU storage location
252,252, 22288903     ,200201033500,151454N6LD,1000201806   ,06.12.2021,PV MODULES ELDORA VSPH.72.350.05-36M_D ,00:04:08,      ,                         ,SUPRIYA.M ,06.12.2021,0020       ,Stock at a non-HU storage location
253,253, 22289069     ,200201033500,151454N6LD,1000201806   ,06.12.2021,PV MODULES ELDORA VSPH.72.350.05-36M_D ,00:04:08,      ,                         ,SUPRIYA.M ,06.12.2021,0020       ,Stock at a non-HU storage location
254,254, 22289118     ,200201033500,151454N6LD,1000201806   ,06.12.2021,PV MODULES ELDORA VSPH.72.350.05-36M_D ,00:04:08,      ,                         ,SUPRIYA.M ,06.12.2021,0020       ,Stock at a non-HU storage location
255,255, 22289134     ,200201033500,151454N6LD,1000201806   ,06.12.2021,PV MODULES ELDORA VSPH.72.350.05-36M_D ,00:04:08,      ,                         ,SUPRIYA.M ,06.12.2021,0020       ,Stock at a non-HU storage location
256,256, 22289153     ,200201033500,151454N6LD,1000201806   ,06.12.2021,PV MODULES ELDORA VSPH.72.350.05-36M_D ,00:04:08,      ,                         ,SUPRIYA.M ,06.12.2021,0020       ,Stock at a non-HU storage location
257,257, 22289162     ,200201033500,151454N6LD,1000201806   ,06.12.2021,PV MODULES ELDORA VSPH.72.350.05-36M_D ,00:04:08,      ,                         ,SUPRIYA.M ,06.12.2021,0020       ,Stock at a non-HU storage location
258,258, 22289278     ,200201033500,151454N6LD,1000201806   ,06.12.2021,PV MODULES ELDORA VSPH.72.350.05-36M_D ,00:04:08,      ,                         ,SUPRIYA.M ,06.12.2021,0020       ,Stock at a non-HU storage location
259,259, 22289314     ,200201033500,151454N6LD,1000201806   ,06.12.2021,PV MODULES ELDORA VSPH.72.350.05-36M_D ,00:04:08,      ,                         ,SUPRIYA.M ,06.12.2021,0020       ,Stock at a non-HU storage location
260,260, 22289385     ,200201033500,151454N6LD,1000201806   ,06.12.2021,PV MODULES ELDORA VSPH.72.350.05-36M_D ,00:04:08,      ,                         ,SUPRIYA.M ,06.12.2021,0020       ,Stock at a non-HU storage location
261,261, 22289421     ,200201033500,151454N6LD,1000201806   ,06.12.2021,PV MODULES ELDORA VSPH.72.350.05-36M_D ,00:04:08,      ,                         ,SUPRIYA.M ,06.12.2021,0020       ,Stock at a non-HU storage location
262,262, 22289474     ,200201033500,151454N6LD,1000201806   ,06.12.2021,PV MODULES ELDORA VSPH.72.350.05-36M_D ,00:04:08,      ,                         ,SUPRIYA.M ,06.12.2021,0020       ,Stock at a non-HU storage location
263,263, 22289476     ,200201033500,151454N6LD,1000201806   ,06.12.2021,PV MODULES ELDORA VSPH.72.350.05-36M_D ,00:04:08,      ,                         ,SUPRIYA.M ,06.12.2021,0020       ,Stock at a non-HU storage location
264,264, 22289487     ,200201033500,151454N6LD,1000201806   ,06.12.2021,PV MODULES ELDORA VSPH.72.350.05-36M_D ,00:04:08,      ,                         ,SUPRIYA.M ,06.12.2021,0020       ,Stock at a non-HU storage location
265,265, 22289593     ,200201033500,151454N6LD,1000201806   ,06.12.2021,PV MODULES ELDORA VSPH.72.350.05-36M_D ,00:04:08,      ,                         ,SUPRIYA.M ,06.12.2021,0020       ,Stock at a non-HU storage location
266,266, 22289636     ,200201033500,151454N6LD,1000201806   ,06.12.2021,PV MODULES ELDORA VSPH.72.350.05-36M_D ,00:04:08,      ,                         ,SUPRIYA.M ,06.12.2021,0020       ,Stock at a non-HU storage location
267,267, 22289670     ,200201033500,151454N6LD,1000201806   ,06.12.2021,PV MODULES ELDORA VSPH.72.350.05-36M_D ,00:04:08,      ,                         ,SUPRIYA.M ,06.12.2021,0020       ,Stock at a non-HU storage location
268,268, 22289776     ,200201033500,151454N6LD,1000201806   ,06.12.2021,PV MODULES ELDORA VSPH.72.350.05-36M_D ,00:04:08,      ,                         ,SUPRIYA.M ,06.12.2021,0020       ,Stock at a non-HU storage location
269,269, 22289791     ,200201033500,151454N6LD,1000201806   ,06.12.2021,PV MODULES ELDORA VSPH.72.350.05-36M_D ,00:04:08,      ,                         ,SUPRIYA.M ,06.12.2021,0020       ,Stock at a non-HU storage location
270,270, 22289792     ,200201033500,151454N6LD,1000201806   ,06.12.2021,PV MODULES ELDORA VSPH.72.350.05-36M_D ,00:04:08,      ,                         ,SUPRIYA.M ,06.12.2021,0020       ,Stock at a non-HU storage location
271,271, 22289945     ,200201033500,151454N6LD,1000201806   ,06.12.2021,PV MODULES ELDORA VSPH.72.350.05-36M_D ,00:04:08,      ,                         ,SUPRIYA.M ,06.12.2021,0020       ,Stock at a non-HU storage location
272,272, 22289947     ,200201033500,151454N6LD,1000201806   ,06.12.2021,PV MODULES ELDORA VSPH.72.350.05-36M_D ,00:04:08,      ,                         ,SUPRIYA.M ,06.12.2021,0020       ,Stock at a non-HU storage location
273,273, 22289952     ,200201033500,151454N6LD,1000201806   ,06.12.2021,PV MODULES ELDORA VSPH.72.350.05-36M_D ,00:04:08,      ,                         ,SUPRIYA.M ,06.12.2021,0020       ,Stock at a non-HU storage location
274,274, 22289953     ,200201033500,151454N6LD,1000201806   ,06.12.2021,PV MODULES ELDORA VSPH.72.350.05-36M_D ,00:04:08,      ,                         ,SUPRIYA.M ,06.12.2021,0020       ,Stock at a non-HU storage location
275,275, 22289954     ,200201033500,151454N6LD,1000201806   ,06.12.2021,PV MODULES ELDORA VSPH.72.350.05-36M_D ,00:04:08,      ,                         ,SUPRIYA.M ,06.12.2021,0020       ,Stock at a non-HU storage location
276,276, 22289955     ,200201033500,151454N6LD,1000201806   ,06.12.2021,PV MODULES ELDORA VSPH.72.350.05-36M_D ,00:04:08,      ,                         ,SUPRIYA.M ,06.12.2021,0020       ,Stock at a non-HU storage location
277,277, 22289957     ,200201033500,151454N6LD,1000201806   ,06.12.2021,PV MODULES ELDORA VSPH.72.350.05-36M_D ,00:04:08,      ,                         ,SUPRIYA.M ,06.12.2021,0020       ,Stock at a non-HU storage location
278,278, 22289958     ,200201033500,151454N6LD,1000201806   ,06.12.2021,PV MODULES ELDORA VSPH.72.350.05-36M_D ,00:04:08,      ,                         ,SUPRIYA.M ,06.12.2021,0020       ,Stock at a non-HU storage location
279,279, 22289972     ,200201033500,151454N6LD,1000201806   ,06.12.2021,PV MODULES ELDORA VSPH.72.350.05-36M_D ,00:04:08,      ,                         ,SUPRIYA.M ,06.12.2021,0020       ,Stock at a non-HU storage location
280,280, 22291382     ,200201033500,151455N6HD,1000201805   ,06.12.2021,PV MODULES ELDORA VSPH.72.350.05-36M_D ,00:00:20,      ,                         ,SUPRIYA.M ,05.12.2021,0020       ,Stock at a non-HU storage location
281,281, 22291905     ,200201033500,151456N6HD,1000201805   ,06.12.2021,PV MODULES ELDORA VSPH.72.350.05-36M_D ,00:00:20,      ,                         ,SUPRIYA.M ,05.12.2021,0020       ,Stock at a non-HU storage location
282,282, 22291940     ,200201033500,151456N6HD,1000201805   ,06.12.2021,PV MODULES ELDORA VSPH.72.350.05-36M_D ,00:00:20,      ,                         ,SUPRIYA.M ,05.12.2021,0020       ,Stock at a non-HU storage location
283,283, 22292004     ,200201033500,151456N6HD,1000201805   ,06.12.2021,PV MODULES ELDORA VSPH.72.350.05-36M_D ,00:00:20,      ,                         ,SUPRIYA.M ,05.12.2021,0020       ,Stock at a non-HU storage location
284,284, 22292008     ,200201033500,151456N6HD,1000201805   ,06.12.2021,PV MODULES ELDORA VSPH.72.350.05-36M_D ,00:00:20,      ,                         ,SUPRIYA.M ,05.12.2021,0020       ,Stock at a non-HU storage location
285,285, 22292011     ,200201033500,151456N6HD,1000201805   ,06.12.2021,PV MODULES ELDORA VSPH.72.350.05-36M_D ,00:00:20,      ,                         ,SUPRIYA.M ,05.12.2021,0020       ,Stock at a non-HU storage location
286,286, 22292012     ,200201033500,151456N6HD,1000201805   ,06.12.2021,PV MODULES ELDORA VSPH.72.350.05-36M_D ,00:00:20,      ,                         ,SUPRIYA.M ,05.12.2021,0020       ,Stock at a non-HU storage location
287,287, 22292055     ,200201033500,151456N6HD,1000201805   ,06.12.2021,PV MODULES ELDORA VSPH.72.350.05-36M_D ,00:00:20,      ,                         ,SUPRIYA.M ,05.12.2021,0020       ,Stock at a non-HU storage location
288,288, 22292062     ,200201033500,151456N6HD,1000201805   ,06.12.2021,PV MODULES ELDORA VSPH.72.350.05-36M_D ,00:00:20,      ,                         ,SUPRIYA.M ,05.12.2021,0020       ,Stock at a non-HU storage location
289,289, 22292063     ,200201033500,151456N6HD,1000201805   ,06.12.2021,PV MODULES ELDORA VSPH.72.350.05-36M_D ,00:00:20,      ,                         ,SUPRIYA.M ,05.12.2021,0020       ,Stock at a non-HU storage location
290,290, 22292068     ,200201033500,151456N6HD,1000201805   ,06.12.2021,PV MODULES ELDORA VSPH.72.350.05-36M_D ,00:00:20,      ,                         ,SUPRIYA.M ,05.12.2021,0020       ,Stock at a non-HU storage location
291,291, 22292069     ,200201033500,151456N6HD,1000201805   ,06.12.2021,PV MODULES ELDORA VSPH.72.350.05-36M_D ,00:00:20,      ,                         ,SUPRIYA.M ,05.12.2021,0020       ,Stock at a non-HU storage location
292,292, 22292070     ,200201033500,151456N6HD,1000201805   ,06.12.2021,PV MODULES ELDORA VSPH.72.350.05-36M_D ,00:00:20,      ,                         ,SUPRIYA.M ,05.12.2021,0020       ,Stock at a non-HU storage location
293,293, 22292072     ,200201033500,151456N6HD,1000201805   ,06.12.2021,PV MODULES ELDORA VSPH.72.350.05-36M_D ,00:00:20,      ,                         ,SUPRIYA.M ,05.12.2021,0020       ,Stock at a non-HU storage location
294,294, 22292079     ,200201033500,151456N6HD,1000201805   ,06.12.2021,PV MODULES ELDORA VSPH.72.350.05-36M_D ,00:00:20,      ,                         ,SUPRIYA.M ,05.12.2021,0020       ,Stock at a non-HU storage location
295,295, 22292081     ,200201033500,151456N6HD,1000201805   ,06.12.2021,PV MODULES ELDORA VSPH.72.350.05-36M_D ,00:00:20,      ,                         ,SUPRIYA.M ,05.12.2021,0020       ,Stock at a non-HU storage location
296,296, 22292083     ,200201033500,151456N6HD,1000201805   ,06.12.2021,PV MODULES ELDORA VSPH.72.350.05-36M_D ,00:00:20,      ,                         ,SUPRIYA.M ,05.12.2021,0020       ,Stock at a non-HU storage location
297,297, 22292110     ,200201033500,151456N6HD,1000201805   ,06.12.2021,PV MODULES ELDORA VSPH.72.350.05-36M_D ,00:00:20,      ,                         ,SUPRIYA.M ,05.12.2021,0020       ,Stock at a non-HU storage location
298,298, 22292116     ,200201033500,151456N6HD,1000201805   ,06.12.2021,PV MODULES ELDORA VSPH.72.350.05-36M_D ,00:00:20,      ,                         ,SUPRIYA.M ,05.12.2021,0020       ,Stock at a non-HU storage location
299,299, 22292120     ,200201033500,151456N6HD,1000201805   ,06.12.2021,PV MODULES ELDORA VSPH.72.350.05-36M_D ,00:00:20,      ,                         ,SUPRIYA.M ,05.12.2021,0020       ,Stock at a non-HU storage location
300,300, 22292314     ,200201033500,151456N6HD,1000201805   ,06.12.2021,PV MODULES ELDORA VSPH.72.350.05-36M_D ,00:00:20,      ,                         ,SUPRIYA.M ,05.12.2021,0020       ,Stock at a non-HU storage location
301,301, 22292317     ,200201033500,151456N6HD,1000201805   ,06.12.2021,PV MODULES ELDORA VSPH.72.350.05-36M_D ,00:00:20,      ,                         ,SUPRIYA.M ,05.12.2021,0020       ,Stock at a non-HU storage location
302,302, 22292325     ,200201033500,151456N6HD,1000201805   ,06.12.2021,PV MODULES ELDORA VSPH.72.350.05-36M_D ,00:00:20,      ,                         ,SUPRIYA.M ,05.12.2021,0020       ,Stock at a non-HU storage location
303,303, 22292329     ,200201033500,151456N6HD,1000201805   ,06.12.2021,PV MODULES ELDORA VSPH.72.350.05-36M_D ,00:00:20,      ,                         ,SUPRIYA.M ,05.12.2021,0020       ,Stock at a non-HU storage location
304,304, 22292342     ,200201033500,151456N6HD,1000201805   ,06.12.2021,PV MODULES ELDORA VSPH.72.350.05-36M_D ,00:00:20,      ,                         ,SUPRIYA.M ,05.12.2021,0020       ,Stock at a non-HU storage location
305,305, 22292494     ,200201033500,151456N6HD,1000201805   ,06.12.2021,PV MODULES ELDORA VSPH.72.350.05-36M_D ,00:00:20,      ,                         ,SUPRIYA.M ,05.12.2021,0020       ,Stock at a non-HU storage location
306,306, 22292541     ,200201033500,151456N6HD,1000201805   ,06.12.2021,PV MODULES ELDORA VSPH.72.350.05-36M_D ,00:00:20,      ,                         ,SUPRIYA.M ,05.12.2021,0020       ,Stock at a non-HU storage location
307,307, 22292547     ,200201033500,151456N6HD,1000201805   ,06.12.2021,PV MODULES ELDORA VSPH.72.350.05-36M_D ,00:00:20,      ,                         ,SUPRIYA.M ,05.12.2021,0020       ,Stock at a non-HU storage location
308,308, 22292560     ,200201033500,151456N6HD,1000201805   ,06.12.2021,PV MODULES ELDORA VSPH.72.350.05-36M_D ,00:00:20,      ,                         ,SUPRIYA.M ,05.12.2021,0020       ,Stock at a non-HU storage location
309,309, 22292577     ,200201033500,151456N6HD,1000201805   ,06.12.2021,PV MODULES ELDORA VSPH.72.350.05-36M_D ,00:00:20,      ,                         ,SUPRIYA.M ,05.12.2021,0020       ,Stock at a non-HU storage location
310,310, 22289993     ,200201033500,151455N6HB,1000201649   ,06.12.2021,PV MODULES ELDORA VSPH.72.350.05-36M_D ,03:36:52,      ,                         ,TANMOY.J  ,06.12.2021,0020       ,Stock at a non-HU storage location
311,311, 22291457     ,200201033500,151455N6HB,1000201649   ,06.12.2021,PV MODULES ELDORA VSPH.72.350.05-36M_D ,03:36:52,      ,                         ,TANMOY.J  ,06.12.2021,0020       ,Stock at a non-HU storage location
312,312, 22289144     ,200201033500,151454N6LD,1000201648   ,06.12.2021,PV MODULES ELDORA VSPH.72.350.05-36M_D ,03:36:29,      ,                         ,TANMOY.J  ,06.12.2021,0020       ,Stock at a non-HU storage location
313,313, 22288599     ,200201033500,151454N6HB,1000201646   ,06.12.2021,PV MODULES ELDORA VSPH.72.350.05-36M_D ,03:35:53,      ,                         ,TANMOY.J  ,06.12.2021,0020       ,Stock at a non-HU storage location
314,314, 22288885     ,200201033500,151454N6HB,1000201646   ,06.12.2021,PV MODULES ELDORA VSPH.72.350.05-36M_D ,03:35:53,      ,                         ,TANMOY.J  ,06.12.2021,0020       ,Stock at a non-HU storage location
315,315, 22289699     ,200201033500,151454N6HB,1000201646   ,06.12.2021,PV MODULES ELDORA VSPH.72.350.05-36M_D ,03:35:53,      ,                         ,TANMOY.J  ,06.12.2021,0020       ,Stock at a non-HU storage location
316,316, 22180470     ,201301073350,161661N0HD,1000195522   ,06.12.2021,PV MODULES ELDORA VSP.72.335.05-36M    ,11:39:46,      ,                         ,PUSPENDU.M,23.10.2021,0050       ,Posted for GI                     
317,317, 22180566     ,201301073350,161661N0HD,1000195522   ,06.12.2021,PV MODULES ELDORA VSP.72.335.05-36M    ,11:39:46,      ,                         ,PUSPENDU.M,23.10.2021,0050       ,Posted for GI                     
318,318, 22180575     ,201301073350,161661N0HD,1000195522   ,06.12.2021,PV MODULES ELDORA VSP.72.335.05-36M    ,11:39:46,      ,                         ,PUSPENDU.M,23.10.2021,0050       ,Posted for GI                     
319,319, 22180577     ,201301073350,161661N0HD,1000195522   ,06.12.2021,PV MODULES ELDORA VSP.72.335.05-36M    ,11:39:46,      ,                         ,PUSPENDU.M,23.10.2021,0050       ,Posted for GI                     
320,320, 22181804     ,201301073350,161661N0HD,1000195522   ,06.12.2021,PV MODULES ELDORA VSP.72.335.05-36M    ,11:39:46,      ,                         ,PUSPENDU.M,23.10.2021,0050       ,Posted for GI                     
321,321, 22181814     ,201301073350,161661N0HD,1000195522   ,06.12.2021,PV MODULES ELDORA VSP.72.335.05-36M    ,11:39:46,      ,                         ,PUSPENDU.M,23.10.2021,0050       ,Posted for GI                     
322,322, 22181872     ,201301073350,161661N0HD,1000195522   ,06.12.2021,PV MODULES ELDORA VSP.72.335.05-36M    ,11:39:46,      ,                         ,PUSPENDU.M,23.10.2021,0050       ,Posted for GI                     
323,323, 22181878     ,201301073350,161661N0HD,1000195522   ,06.12.2021,PV MODULES ELDORA VSP.72.335.05-36M    ,11:39:46,      ,                         ,PUSPENDU.M,23.10.2021,0050       ,Posted for GI                     
324,324, 22181882     ,201301073350,161661N0HD,1000195522   ,06.12.2021,PV MODULES ELDORA VSP.72.335.05-36M    ,11:39:46,      ,                         ,PUSPENDU.M,23.10.2021,0050       ,Posted for GI                     
325,325, 22181887     ,201301073350,161661N0HD,1000195522   ,06.12.2021,PV MODULES ELDORA VSP.72.335.05-36M    ,11:39:46,      ,                         ,PUSPENDU.M,23.10.2021,0050       ,Posted for GI                     
326,326, 22181892     ,201301073350,161661N0HD,1000195522   ,06.12.2021,PV MODULES ELDORA VSP.72.335.05-36M    ,11:39:46,      ,                         ,PUSPENDU.M,23.10.2021,0050       ,Posted for GI                     
327,327, 22181894     ,201301073350,161661N0HD,1000195522   ,06.12.2021,PV MODULES ELDORA VSP.72.335.05-36M    ,11:39:46,      ,                         ,PUSPENDU.M,23.10.2021,0050       ,Posted for GI                     
328,328, 22181896     ,201301073350,161661N0HD,1000195522   ,06.12.2021,PV MODULES ELDORA VSP.72.335.05-36M    ,11:39:46,      ,                         ,PUSPENDU.M,23.10.2021,0050       ,Posted for GI                     
329,329, 22181897     ,201301073350,161661N0HD,1000195522   ,06.12.2021,PV MODULES ELDORA VSP.72.335.05-36M    ,11:39:46,      ,                         ,PUSPENDU.M,23.10.2021,0050       ,Posted for GI                     
330,330, 22181906     ,201301073350,161661N0HD,1000195522   ,06.12.2021,PV MODULES ELDORA VSP.72.335.05-36M    ,11:39:46,      ,                         ,PUSPENDU.M,23.10.2021,0050       ,Posted for GI                     
331,331, 22182593     ,201301073350,161661N0HD,1000195522   ,06.12.2021,PV MODULES ELDORA VSP.72.335.05-36M    ,11:39:46,      ,                         ,PUSPENDU.M,23.10.2021,0050       ,Posted for GI                     
332,332, 22183147     ,201301073350,161661N0HD,1000195522   ,06.12.2021,PV MODULES ELDORA VSP.72.335.05-36M    ,11:39:46,      ,                         ,PUSPENDU.M,23.10.2021,0050       ,Posted for GI                     
333,333, 22183244     ,201301073350,161661N0HD,1000195522   ,06.12.2021,PV MODULES ELDORA VSP.72.335.05-36M    ,11:39:46,      ,                         ,PUSPENDU.M,23.10.2021,0050       ,Posted for GI                     
334,334, 22183245     ,201301073350,161661N0HD,1000195522   ,06.12.2021,PV MODULES ELDORA VSP.72.335.05-36M    ,11:39:46,      ,                         ,PUSPENDU.M,23.10.2021,0050       ,Posted for GI                     
335,335, 22183274     ,201301073350,161661N0HD,1000195522   ,06.12.2021,PV MODULES ELDORA VSP.72.335.05-36M    ,11:39:46,      ,                         ,PUSPENDU.M,23.10.2021,0050       ,Posted for GI                     
336,336, 22183285     ,201301073350,161661N0HD,1000195522   ,06.12.2021,PV MODULES ELDORA VSP.72.335.05-36M    ,11:39:46,      ,                         ,PUSPENDU.M,23.10.2021,0050       ,Posted for GI                     
337,337, 22183286     ,201301073350,161661N0HD,1000195522   ,06.12.2021,PV MODULES ELDORA VSP.72.335.05-36M    ,11:39:46,      ,                         ,PUSPENDU.M,23.10.2021,0050       ,Posted for GI                     
338,338, 22183289     ,201301073350,161661N0HD,1000195522   ,06.12.2021,PV MODULES ELDORA VSP.72.335.05-36M    ,11:39:46,      ,                         ,PUSPENDU.M,23.10.2021,0050       ,Posted for GI                     
339,339, 22183290     ,201301073350,161661N0HD,1000195522   ,06.12.2021,PV MODULES ELDORA VSP.72.335.05-36M    ,11:39:46,      ,                         ,PUSPENDU.M,23.10.2021,0050       ,Posted for GI                     
340,340, 22183291     ,201301073350,161661N0HD,1000195522   ,06.12.2021,PV MODULES ELDORA VSP.72.335.05-36M    ,11:39:46,      ,                         ,PUSPENDU.M,23.10.2021,0050       ,Posted for GI                     
341,341, 22183294     ,201301073350,161661N0HD,1000195522   ,06.12.2021,PV MODULES ELDORA VSP.72.335.05-36M    ,11:39:46,      ,                         ,PUSPENDU.M,23.10.2021,0050       ,Posted for GI                     
342,342, 22183303     ,201301073350,161661N0HD,1000195522   ,06.12.2021,PV MODULES ELDORA VSP.72.335.05-36M    ,11:39:46,      ,                         ,PUSPENDU.M,23.10.2021,0050       ,Posted for GI                     
343,343, 22183306     ,201301073350,161661N0HD,1000195522   ,06.12.2021,PV MODULES ELDORA VSP.72.335.05-36M    ,11:39:46,      ,                         ,PUSPENDU.M,23.10.2021,0050       ,Posted for GI                     
344,344, 22183307     ,201301073350,161661N0HD,1000195522   ,06.12.2021,PV MODULES ELDORA VSP.72.335.05-36M    ,11:39:46,      ,                         ,PUSPENDU.M,23.10.2021,0050       ,Posted for GI                     
345,346,*             ,            ,          ,             ,          ,                                       ,        ,  345 ,                         ,          ,          ,           ,                                  
